Name,Price,Image,Description
"НОВОЕ 
 





Lexus RX, 2022


Тип топлива: ГибридКоробка передач: АКПП 







$ 80000Торг14",$ 80000,/components/com_djclassifieds/images/item/8/8286_img-20240215-wa0016_ths.jpg,Тип топлива: Гибрид
"НОВОЕ 
 





Lexus RX, 2022


Тип топлива: ГибридКоробка передач: АКПП 







$ 80000Торг14",$ 80000,/components/com_djclassifieds/images/item/8/8286_img-20240215-wa0016_ths.jpg,Тип топлива: Гибрид
"НОВОЕ 
 





Lexus RX, 2022


Тип топлива: ГибридКоробка передач: АКПП 







$ 80000Торг14",$ 80000,/components/com_djclassifieds/images/item/8/8286_img-20240215-wa0016_ths.jpg,Тип топлива: Гибрид
