Rank Math SEO with AI SEO Tools,https://wordpress.org/plugins/seo-by-rank-math/,6301
Gallery Block (Meow Gallery),https://wordpress.org/plugins/meow-gallery/,159
Five Star Restaurant Reservations – WordPress Booking Plugin,https://wordpress.org/plugins/restaurant-reservations/,181
Gutenberg Blocks and Page Layouts – Attire Blocks,https://wordpress.org/plugins/attire-blocks/,1
Classic Editor,https://wordpress.org/plugins/classic-editor/,1155
Akismet Anti-spam: Spam Protection,https://wordpress.org/plugins/akismet/,1002
"Jetpack – WP Security, Backup, Speed, & Growth",https://wordpress.org/plugins/jetpack/,1956
Classic Widgets,https://wordpress.org/plugins/classic-widgets/,245
Plugin Dependencies,https://wordpress.org/plugins/wp-plugin-dependencies/,3
Gutenberg,https://wordpress.org/plugins/gutenberg/,3731
Performant Translations,https://wordpress.org/plugins/performant-translations/,14
Preferred Languages,https://wordpress.org/plugins/preferred-languages/,17
Elementor Website Builder – More than Just a Page Builder,https://wordpress.org/plugins/elementor/,6715
Contact Form 7,https://wordpress.org/plugins/contact-form-7/,2068
Yoast SEO,https://wordpress.org/plugins/wordpress-seo/,27621
Classic Editor,https://wordpress.org/plugins/classic-editor/,1155
"Feeds for YouTube (YouTube video, channel, and gallery plugin)",https://wordpress.org/plugins/feeds-for-youtube/,158
Calculated Fields Form,https://wordpress.org/plugins/calculated-fields-form/,895
Algori Social Share Buttons,https://wordpress.org/plugins/social-share-buttons-lite/,1
FAQ / Accordion / Docs – Helpie WordPress FAQ Accordion plugin,https://wordpress.org/plugins/helpie-faq/,76
Classic Editor,https://wordpress.org/plugins/classic-editor/,1155
Akismet Anti-spam: Spam Protection,https://wordpress.org/plugins/akismet/,1002
"Jetpack – WP Security, Backup, Speed, & Growth",https://wordpress.org/plugins/jetpack/,1956
Classic Widgets,https://wordpress.org/plugins/classic-widgets/,245
Plugin Dependencies,https://wordpress.org/plugins/wp-plugin-dependencies/,3
Gutenberg,https://wordpress.org/plugins/gutenberg/,3731
Performant Translations,https://wordpress.org/plugins/performant-translations/,14
Preferred Languages,https://wordpress.org/plugins/preferred-languages/,17
Elementor Website Builder – More than Just a Page Builder,https://wordpress.org/plugins/elementor/,6715
Contact Form 7,https://wordpress.org/plugins/contact-form-7/,2068
Yoast SEO,https://wordpress.org/plugins/wordpress-seo/,27622
Classic Editor,https://wordpress.org/plugins/classic-editor/,1155
