No,name,desc,img,price
1,Lexus RX,"2016г.,3.5л.,вариаторвнедорожник5дв.,гибридрульслева,120000км",https://im.mashina.kg/tachka/images//3/f/2/3f2a869bb1798bcaae6422f8ec01d327_240x180.jpg,$ 39 900
2,Kia Sorento,"2017г.,3.3л.,автоматвнедорожник5дв.,бензинрульслева,104607км",https://im.mashina.kg/tachka/images//8/2/0/82006068bad0bd1885e7fae676e83ff9_240x180.jpg,$ 15 000
3,LiXiang L9,"2023г.,1.5л.,автоматвнедорожник5дв.,гибридрульслева,5800км",https://im.mashina.kg/tachka/images//c/e/9/ce90c6c12dfeacad95ea5f4fec3ac1d3_240x180.jpg,$ 61 000
4,Kia Mohave (Borrego),"2020г.,3л.,автоматвнедорожник5дв.,дизельрульслева,60000км",https://im.mashina.kg/tachka/images//f/5/e/f5e6e808a45d08be0004acd979efd5a6_240x180.jpg,$ 38 000
5,BMW 5 серии,"2018г.,2л.,автоматседан,дизельрульслева,127680км",https://im.mashina.kg/tachka/images//6/0/3/603376424e82a3c85a763c4d5616c8b1_240x180.jpg,$ 28 500
6,Land Rover Range Rover Sport,"2019г.,3л.,автоматвнедорожник5дв.,бензинрульслева,90000км",https://im.mashina.kg/tachka/images//0/8/0/0806b3cb55777601da98b6ea90172188_240x180.jpg,$ 65 000
7,Chevrolet Malibu,"2018г.,1.5л.,автоматседан,бензинрульслева,107600км",https://im.mashina.kg/tachka/images//2/9/c/29c7c29d05fc1399b391db39b15f6da2_240x180.jpg,$ 10 500
8,BMW X7,"2019г.,3л.,автоматвнедорожник5дв.,бензинрульслева,75000км",https://im.mashina.kg/tachka/images//6/f/f/6ff25079c533f3dbc0373b9bb3108be8_240x180.jpg,$ 70 000
9,Chevrolet Malibu,"2017г.,1.5л.,автоматседан,бензинрульслева,194000км",https://im.mashina.kg/tachka/images//0/c/c/0cccc82790b4f6dbdd141866a2368958_240x180.jpg,$ 10 500
10,Cadillac Escalade,"2021г.,6.2л.,автоматвнедорожник5дв.,бензинрульслева,35000км",https://im.mashina.kg/tachka/images//4/a/9/4a9acc8eea9ea6d03448506f3442589d_240x180.jpg,$ 115 000
11,Mercedes-Benz E-Класс AMG,"2017г.,3л.,автоматседан,бензинрульслева,75000км",https://im.mashina.kg/tachka/images//2/9/7/297b7c49aeabacf9f210965cad1ea695_240x180.jpg,$ 57 000
12,Lexus GX,"2017г.,4.6л.,автоматвнедорожник5дв.,бензинрульслева",https://im.mashina.kg/tachka/images//3/d/c/3dc9c6dd2453b80cc40c698e516a81a9_240x180.jpg,$ 42 500
13,Zeekr 007,"2024г.,автоматседан,электрорульслева,30км",https://im.mashina.kg/tachka/images//b/b/1/bb10046278ced7db38622d037e553d24_240x180.jpg,$ 51 900
14,BMW X6,"2021г.,3л.,автоматвнедорожник5дв.,бензинрульслева,71000км",https://im.mashina.kg/tachka/images//2/d/1/2d1eacdb3b86575c83fc9d9b9444d285_240x180.jpg,$ 85 000
15,BMW X7,"2019г.,3л.,автоматвнедорожник5дв.,дизельрульслева,54000км",https://im.mashina.kg/tachka/images//f/b/2/fb218463bfa9ed910a56505e771c8bb5_240x180.jpg,$ 95 000
16,BMW X5,"2021г.,4.4л.,автоматвнедорожник5дв.,бензинрульслева,21000км",https://im.mashina.kg/tachka/images//e/6/b/e6b04c851df02d9c6c7d27abc9c28ff9_240x180.jpg,$ 99 000
17,BMW iX,"2021г.,автоматвнедорожник5дв.,электрорульслева,7000км",https://im.mashina.kg/tachka/images//4/f/7/4f70d1ffd372bcfcec8974e5e1ccbd32_240x180.jpg,$ 85 000
18,BMW X7,"2021г.,4.4л.,автоматвнедорожник5дв.,бензинрульслева,34000км",https://im.mashina.kg/tachka/images//a/7/c/a7c003282161f8b379b66733842dd420_240x180.jpg,$ 119 000
19,BMW X5,"2021г.,4.4л.,автоматвнедорожник5дв.,бензинрульслева,31000км",https://im.mashina.kg/tachka/images//6/7/f/67fb34379f3d1f0a66b1e294ec1de842_240x180.jpg,$ 98 000
20,Hyundai Genesis,"2014г.,3.8л.,автоматседан,бензинрульслева,100000км",https://im.mashina.kg/tachka/images//8/f/4/8f4137e8a140658bcd86a7a2cd0b123a_240x180.jpg,$ 21 000
21,Lexus RX,"2016г.,3.5л.,вариаторвнедорожник5дв.,гибридрульслева,120000км",https://im.mashina.kg/tachka/images//3/f/2/3f2a869bb1798bcaae6422f8ec01d327_240x180.jpg,$ 39 900
22,Kia Sorento,"2017г.,3.3л.,автоматвнедорожник5дв.,бензинрульслева,104607км",https://im.mashina.kg/tachka/images//8/2/0/82006068bad0bd1885e7fae676e83ff9_240x180.jpg,$ 15 000
23,LiXiang L9,"2023г.,1.5л.,автоматвнедорожник5дв.,гибридрульслева,5800км",https://im.mashina.kg/tachka/images//c/e/9/ce90c6c12dfeacad95ea5f4fec3ac1d3_240x180.jpg,$ 61 000
24,Kia Mohave (Borrego),"2020г.,3л.,автоматвнедорожник5дв.,дизельрульслева,60000км",https://im.mashina.kg/tachka/images//f/5/e/f5e6e808a45d08be0004acd979efd5a6_240x180.jpg,$ 38 000
25,BMW 5 серии,"2018г.,2л.,автоматседан,дизельрульслева,127680км",https://im.mashina.kg/tachka/images//6/0/3/603376424e82a3c85a763c4d5616c8b1_240x180.jpg,$ 28 500
26,Land Rover Range Rover Sport,"2019г.,3л.,автоматвнедорожник5дв.,бензинрульслева,90000км",https://im.mashina.kg/tachka/images//0/8/0/0806b3cb55777601da98b6ea90172188_240x180.jpg,$ 65 000
27,Chevrolet Malibu,"2018г.,1.5л.,автоматседан,бензинрульслева,107600км",https://im.mashina.kg/tachka/images//2/9/c/29c7c29d05fc1399b391db39b15f6da2_240x180.jpg,$ 10 500
28,BMW X7,"2019г.,3л.,автоматвнедорожник5дв.,бензинрульслева,75000км",https://im.mashina.kg/tachka/images//6/f/f/6ff25079c533f3dbc0373b9bb3108be8_240x180.jpg,$ 70 000
29,Chevrolet Malibu,"2017г.,1.5л.,автоматседан,бензинрульслева,194000км",https://im.mashina.kg/tachka/images//0/c/c/0cccc82790b4f6dbdd141866a2368958_240x180.jpg,$ 10 500
30,Cadillac Escalade,"2021г.,6.2л.,автоматвнедорожник5дв.,бензинрульслева,35000км",https://im.mashina.kg/tachka/images//4/a/9/4a9acc8eea9ea6d03448506f3442589d_240x180.jpg,$ 115 000
31,Mercedes-Benz E-Класс AMG,"2017г.,3л.,автоматседан,бензинрульслева,75000км",https://im.mashina.kg/tachka/images//2/9/7/297b7c49aeabacf9f210965cad1ea695_240x180.jpg,$ 57 000
32,Lexus GX,"2017г.,4.6л.,автоматвнедорожник5дв.,бензинрульслева",https://im.mashina.kg/tachka/images//3/d/c/3dc9c6dd2453b80cc40c698e516a81a9_240x180.jpg,$ 42 500
33,Zeekr 007,"2024г.,автоматседан,электрорульслева,30км",https://im.mashina.kg/tachka/images//b/b/1/bb10046278ced7db38622d037e553d24_240x180.jpg,$ 51 900
34,BMW X6,"2021г.,3л.,автоматвнедорожник5дв.,бензинрульслева,71000км",https://im.mashina.kg/tachka/images//2/d/1/2d1eacdb3b86575c83fc9d9b9444d285_240x180.jpg,$ 85 000
35,BMW X7,"2019г.,3л.,автоматвнедорожник5дв.,дизельрульслева,54000км",https://im.mashina.kg/tachka/images//f/b/2/fb218463bfa9ed910a56505e771c8bb5_240x180.jpg,$ 95 000
36,BMW X5,"2021г.,4.4л.,автоматвнедорожник5дв.,бензинрульслева,21000км",https://im.mashina.kg/tachka/images//e/6/b/e6b04c851df02d9c6c7d27abc9c28ff9_240x180.jpg,$ 99 000
37,BMW iX,"2021г.,автоматвнедорожник5дв.,электрорульслева,7000км",https://im.mashina.kg/tachka/images//4/f/7/4f70d1ffd372bcfcec8974e5e1ccbd32_240x180.jpg,$ 85 000
38,BMW X7,"2021г.,4.4л.,автоматвнедорожник5дв.,бензинрульслева,34000км",https://im.mashina.kg/tachka/images//a/7/c/a7c003282161f8b379b66733842dd420_240x180.jpg,$ 119 000
39,BMW X5,"2021г.,4.4л.,автоматвнедорожник5дв.,бензинрульслева,31000км",https://im.mashina.kg/tachka/images//6/7/f/67fb34379f3d1f0a66b1e294ec1de842_240x180.jpg,$ 98 000
40,Hyundai Genesis,"2014г.,3.8л.,автоматседан,бензинрульслева,100000км",https://im.mashina.kg/tachka/images//8/f/4/8f4137e8a140658bcd86a7a2cd0b123a_240x180.jpg,$ 21 000
41,Lexus RX,"2022г.,3.5л.,автоматвнедорожник5дв.,бензинрульслева,8300км",https://im.mashina.kg/tachka/images//1/2/b/12b84e15de029e9cb92481dc1f9b9945_240x180.jpg,$ 54 000
42,Land Rover Range Rover Sport,"2018г.,3л.,автоматвнедорожник5дв.,дизельрульслева,67000км",https://im.mashina.kg/tachka/images//e/3/e/e3ee117fdae6327405f95f4ebbdcbac5_240x180.jpg,$ 58 600
43,BMW 3 серии,"2018г.,2л.,автоматседан,дизельрульслева,106000км",https://im.mashina.kg/tachka/images//7/f/b/7fb5687c26ea725da0dcb8998e0187dc_240x180.jpg,$ 22 800
44,Toyota Tacoma,"2022г.,2.7л.,автоматпикапполуторнаякабина,бензинрульслева,35083км",https://im.mashina.kg/tachka/images//6/a/2/6a21cf113e13c513cd35d9804a009b6c_240x180.jpg,$ 31 000
45,Lexus ES,"2017г.,2.5л.,автоматседан,бензинрульслева,102000км",https://im.mashina.kg/tachka/images//a/c/c/acca4b1da9261de939e5c120cab9a4b8_240x180.jpg,$ 24 500
46,BMW X5,"2016г.,3л.,автоматвнедорожник5дв.,бензинрульслева,127138км",https://im.mashina.kg/tachka/images//5/3/5/535e8777d1285bf4d65ab5169d3347ef_240x180.jpg,$ 44 000
47,Land Rover Range Rover,"2013г.,4.4л.,автоматвнедорожник5дв.,дизельрульслева,150000км",https://im.mashina.kg/tachka/images//0/a/b/0abebc8e47c5b72063023a8dc9763783_240x180.jpg,$ 44 000
48,Toyota Prius,"2015г.,1.8л.,автоматхэтчбек5дв.,гибридрульслева,136000км",https://im.mashina.kg/tachka/images//1/2/6/126e0c277d6d98d1a5987ed720e757b1_240x180.jpg,$ 12 000
49,Lexus ES,"2017г.,3.5л.,автоматседан,бензинрульслева,90000км",https://im.mashina.kg/tachka/images//1/f/b/1fb41dfdd15d28317bfbdbfaa4092524_240x180.jpg,$ 27 000
50,Voyah Free,"2023г.,1.5л.,автоматвнедорожник5дв.,гибридрульслева,50км",https://im.mashina.kg/tachka/images//f/d/0/fd05e6106122eb68f2a769968839ef71_240x180.jpg,$ 40 000
51,BMW X5,"2017г.,3л.,автоматвнедорожник5дв.,бензинрульслева,84600км",https://im.mashina.kg/tachka/images//1/e/a/1ea4db8054e7352336a8e01c25e52ad1_240x180.jpg,$ 35 500
52,Lexus LX,"2011г.,5.7л.,автоматвнедорожник5дв.,бензинрульслева,135000км",https://im.mashina.kg/tachka/images//7/a/7/7a703fd0b29230461771ca9730982e20_240x180.jpg,$ 38 500
53,Toyota Camry,"2018г.,2.5л.,автоматседан,бензинрульслева,119000км",https://im.mashina.kg/tachka/images//a/b/e/abe6c76b5cb4785302da0daa85f76356_240x180.jpg,$ 17 900
54,Hyundai Palisade,"2021г.,2.2л.,автоматвнедорожник5дв.,дизельрульслева,100957км",https://im.mashina.kg/tachka/images//7/9/b/79b638e7471d716d133ed37283f70db3_240x180.jpg,$ 39 900
55,BMW 5 серии,"2017г.,2л.,автоматседан,дизельрульслева,125000км",https://im.mashina.kg/tachka/images//3/f/1/3f1b10a98221239ada4cbd107f50a552_240x180.jpg,$ 28 000
56,Hyundai Custo,"2023г.,2л.,автоматминивэн,бензинрульслева,30км",https://im.mashina.kg/tachka/images//7/c/2/7c218a0b9c6a03433f831563abf6c589_240x180.jpg,$ 37 000
57,Toyota Camry,"2017г.,2.5л.,автоматседан,бензинрульслева,71000км",https://im.mashina.kg/tachka/images//b/5/e/b5e9662f25266a01f41add96c99c0341_240x180.jpg,$ 24 500
58,BMW X5,"2005г.,4.8л.,автоматвнедорожник5дв.,бензинрульслева,280000км",https://im.mashina.kg/tachka/images//1/a/3/1a3bcc1066042f54c57d934701360627_240x180.jpg,$ 13 900
59,Genesis G70,"2018г.,2.2л.,автоматседан,дизельрульслева,38000км",https://im.mashina.kg/tachka/images//5/c/5/5c5fa75ed65d087534d8c540bea53021_240x180.jpg,$ 24 500
60,Kia K5 II Седан,"2016г.,2л.,автоматседан,газрульслева,217000км",https://im.mashina.kg/tachka/images//1/2/e/12e658bc0b67ed73951891a2b75a36b4_240x180.jpg,$ 14 500
61,Toyota 4Runner,"2006г.,4.7л.,автоматвнедорожник5дв.,бензинрульслева,224817км",https://im.mashina.kg/tachka/images//c/2/a/c2a4042d767b26d2e061aeca45c7394c_240x180.jpg,$ 20 500
62,Mercedes-Benz G-Класс,"2014г.,3л.,автоматвнедорожник5дв.,дизельрульслева,155000км",https://im.mashina.kg/tachka/images//1/1/0/110da97a3d59febd1c012bac56b9b26f_240x180.jpg,$ 65 000
63,Skoda Octavia,"2023г.,1.4л.,роботлифтбек,бензинрульслева,30км",https://im.mashina.kg/tachka/images//1/8/9/189718c59e683a6f31ba8a8b17a629ee_240x180.jpg,$ 25 700
64,Kia Sportage (China),"2023г.,2л.,автоматвнедорожник5дв.,бензинрульслева,10км",https://im.mashina.kg/tachka/images//4/9/a/49aba0540df46add42dc29c22e67d3fb_240x180.jpg,$ 34 000
65,LiXiang L7,"2023г.,1.5л.,автоматвнедорожник5дв.,гибридрульслева,20км",https://im.mashina.kg/tachka/images//c/a/5/ca51b7cf42c291f8e329abcd343044a8_240x180.jpg,$ 57 500
66,Mercedes-Benz E-Класс AMG,"2018г.,3л.,автоматседан,бензинрульслева,80000км",https://im.mashina.kg/tachka/images//4/9/f/49f457dbf7410333d354ff2a64e987ea_240x180.jpg,$ 61 000
67,MINI Hatch,"2016г.,2л.,механикахэтчбек5дв.,бензинрульслева,123000км",https://im.mashina.kg/tachka/images//f/9/2/f92daa72a3aac3846899efd80f77f805_240x180.jpg,$ 19 500
68,Toyota Tundra,"2014г.,5.7л.,автоматпикапдвойнаякабина,бензинрульслева,34500км",https://im.mashina.kg/tachka/images//6/f/1/6f17bbcce5adee5abc00b469b4471095_240x180.jpg,$ 100 000
69,Mercedes-Benz S-Класс,"2003г.,5л.,автоматседан,бензинрульслева,255000км",https://im.mashina.kg/tachka/images//b/f/d/bfdcef4f24034f256d412f1d91279aed_240x180.jpg,$ 11 200
70,Lexus RX,"2006г.,3.3л.,вариаторвнедорожник5дв.,гибридрульслева,230000км",https://im.mashina.kg/tachka/images//7/b/7/7b7f12fc8fd8a04866d85d915a33baf9_240x180.jpg,$ 14 900
71,Kia K7,"2020г.,3л.,автоматседан,газрульслева,250000км",https://im.mashina.kg/tachka/images//2/3/1/23194c50bc49fac324bfcd567c1d6f08_240x180.jpg,$ 22 000
72,BMW X5,"2016г.,3л.,автоматвнедорожник5дв.,дизельрульслева,147000км",https://im.mashina.kg/tachka/images//a/9/2/a923e671dbb6d396dc78804999db8c45_240x180.jpg,$ 34 000
73,BMW X6,"2016г.,3л.,автоматвнедорожник5дв.,бензинрульслева,90000км",https://im.mashina.kg/tachka/images//3/5/5/35592a3151950186a5516ddab388c56d_240x180.jpg,$ 35 500
74,Dodge Challenger,"2013г.,3.6л.,автоматкупе,бензинрульслева,172000км",https://im.mashina.kg/tachka/images//4/a/1/4a139d3e60729c0db74a9e2870bd3d6e_240x180.jpg,$ 23 000
75,BMW X5,"2022г.,3л.,автоматвнедорожник5дв.,гибридрульслева,14000км",https://im.mashina.kg/tachka/images//4/0/9/409760fad9b0d1c6bce69ee8a448090a_240x180.jpg,$ 90 000
76,Mercedes-Benz GLE,"2023г.,3л.,автоматвнедорожник5дв.,дизельрульслева,15км",https://im.mashina.kg/tachka/images//3/0/3/303e0266cba76bc2b4d5e733a073270b_240x180.jpg,$ 131 500
77,Mercedes-Benz S-Класс,"2012г.,4.7л.,автоматседан,бензинрульслева,197000км",https://im.mashina.kg/tachka/images//a/b/b/abb3098b9aa482ce84430e50e9691432_240x180.jpg,$ 26 000
78,Kia K7,"2017г.,2.4л.,автоматседан,бензинрульслева,139000км",https://im.mashina.kg/tachka/images//1/7/d/17dcca7ef394f8edc93236b8c938861e_240x180.jpg,$ 18 000
79,Zeekr 007,"2024г.,автоматседан,электрорульслева,45км",https://im.mashina.kg/tachka/images//f/f/3/ff3398a4c7556ff59be6f8728ced2c86_240x180.jpg,$ 54 000
80,Lexus NX,"2015г.,2л.,автоматвнедорожник5дв.,бензинрульслева,64900км",https://im.mashina.kg/tachka/images//3/f/5/3f5e01dacbde85516316478dc326fa31_240x180.jpg,$ 32 000
81,Hyundai Santa Fe,"2019г.,2.2л.,автоматвнедорожник5дв.,дизельрульслева,112000км",https://im.mashina.kg/tachka/images//7/2/0/720340923dd4bf28e6396407d02e7e58_240x180.jpg,$ 26 300
82,Toyota Camry,"2004г.,2.4л.,автоматседан,бензинрульслева,227000км",https://im.mashina.kg/tachka/images//0/c/1/0c125d2dff45acc20a643647a2331ed1_240x180.jpg,$ 8 800
83,Hyundai Elantra,"2023г.,1.5л.,вариаторседан,бензинрульслева,10км",https://im.mashina.kg/tachka/images//c/a/6/ca61d9586905e3dc822c73076c246e50_240x180.jpg,$ 18 300
84,Kia Sorento,"2018г.,2.2л.,автоматвнедорожник5дв.,дизельрульслева,137000км",https://im.mashina.kg/tachka/images//e/7/b/e7b7037a9af836bfa8ffe3cd066b1e12_240x180.jpg,$ 22 900
85,Toyota Prius,"2015г.,1.8л.,автоматхэтчбек5дв.,гибридрульслева,131000км",https://im.mashina.kg/tachka/images//9/7/2/9723a2c8947fc706fda5330ab334dd2b_240x180.jpg,$ 12 200
86,Mazda 626,"1997г.,1.8л.,механикахэтчбек5дв.,бензинрульслева,111500км",https://im.mashina.kg/tachka/images//b/1/d/b1d8a30100a764014a4059cb70583991_240x180.jpg,$ 6 200
87,Toyota Highlander,"2016г.,3.5л.,автоматвнедорожник5дв.,бензинрульслева,98056км",https://im.mashina.kg/tachka/images//4/e/8/4e86957bf4bbc01d7f42de79036a356a_240x180.jpg,$ 29 800
88,Toyota Alphard,"2006г.,3л.,автоматминивэн,бензинрульслева,50000км",https://im.mashina.kg/tachka/images//e/f/4/ef4d62a76078b08eacb21fe3a5fcc011_240x180.jpg,$ 17 000
89,Kia Carnival,"2018г.,2.2л.,автоматминивэн,дизельрульслева,140000км",https://im.mashina.kg/tachka/images//1/8/7/1871453ed5bf7ab6988569303fd2d867_240x180.jpg,$ 19 500
90,Kia K5 III Седан,"2021г.,1.6л.,автоматседан,бензинрульслева,74500км",https://im.mashina.kg/tachka/images//3/9/b/39bf0b862b6c39c236e39f161670cbc2_240x180.jpg,$ 27 000
91,BMW 3 серии,"2016г.,2л.,автоматседан,бензинрульслева,170000км",https://im.mashina.kg/tachka/images//7/9/6/796f6d860de2ca0a5f2ac7f808e01d8f_240x180.jpg,$ 21 700
92,Kia K5 II Седан,"2016г.,2л.,автоматседан,газрульслева,221000км",https://im.mashina.kg/tachka/images//7/0/1/7013533dba80e6a43f1eb8514b72d6b9_240x180.jpg,$ 12 000
93,BMW X1,"2017г.,2л.,автоматвнедорожник5дв.,дизельрульслева,101000км",https://im.mashina.kg/tachka/images//2/2/4/2248503941c2055174055c4213854589_240x180.jpg,$ 22 800
94,Mercedes-Benz E-Класс,"2006г.,3.5л.,автоматседан,бензинрульслева,204000км",https://im.mashina.kg/tachka/images//c/d/3/cd311aa778d8b819bcc1d97e22648187_240x180.jpg,$ 15 500
95,Hyundai Tucson,"2016г.,2л.,автоматвнедорожник5дв.,дизельрульслева,134500км",https://im.mashina.kg/tachka/images//d/6/7/d67a54a8aea2680ee3ecbe5139d3e901_240x180.jpg,$ 17 000
96,Toyota Land Cruiser,"2019г.,4.6л.,автоматвнедорожник5дв.,бензинрульслева,52000км",https://im.mashina.kg/tachka/images//e/7/7/e777c2ddca200efb33038793d7fb5627_240x180.jpg,$ 86 000
97,Toyota Sequoia,"2008г.,5.7л.,автоматвнедорожник5дв.,бензинрульслева,256254км",https://im.mashina.kg/tachka/images//1/1/8/118677d829395f82322b6fd3bb1b5d81_240x180.jpg,$ 33 500
98,Toyota Land Cruiser,"2018г.,4.6л.,автоматвнедорожник5дв.,бензинрульслева,90000км",https://im.mashina.kg/tachka/images//d/a/3/da3ec3f7da4af1385b39603b90f49942_240x180.jpg,$ 76 000
99,BMW 5 серии,"2017г.,3л.,автоматседан,бензинрульслева,98000км",https://im.mashina.kg/tachka/images//5/b/0/5b0f4d1c1ff1941651bac733694d6301_240x180.jpg,$ 35 900
100,Toyota Land Cruiser,"2011г.,4.5л.,автоматвнедорожник5дв.,дизельрульслева,160000км",https://im.mashina.kg/tachka/images//7/2/f/72f5f626dde1b91dc655f91e0c465033_240x180.jpg,$ 32 500
101,BMW X5 M,"2015г.,4.4л.,автоматвнедорожник5дв.,бензинрульслева,132000км",https://im.mashina.kg/tachka/images//f/8/5/f85a76bd95511fc1e7975c5075b84c6d_240x180.jpg,$ 40 500
102,BMW 5 серии,"2017г.,2л.,автоматседан,бензинрульслева,105000км",https://im.mashina.kg/tachka/images//6/0/b/60bb89e888f2d42eece849998aae9ea4_240x180.jpg,$ 27 000
103,Mercedes-Benz S-Класс,"2011г.,4.7л.,автоматседан,бензинрульслева,132000км",https://im.mashina.kg/tachka/images//e/7/5/e75c2a750007dc0efe162be6b42e8074_240x180.jpg,$ 15 000
104,Volkswagen ID.6,"2022г.,автоматвнедорожник5дв.,электрорульслева,17800км",https://im.mashina.kg/tachka/images//5/d/4/5d42732cabed22959ced90f5dc2ff8e2_240x180.jpg,$ 29 500
105,Toyota Land Cruiser,"2023г.,3.4л.,автоматвнедорожник5дв.,бензинрульслева,80км",https://im.mashina.kg/tachka/images//8/0/5/805bd5f9e29813dbadcfc3b6f4fcf7f6_240x180.jpg,$ 123 000
106,BMW X5,"2017г.,3л.,автоматвнедорожник5дв.,бензинрульслева,160000км",https://im.mashina.kg/tachka/images//f/6/f/f6f19cc0dee22458463fd5b2fb772887_240x180.jpg,$ 29 900
107,BMW 5 серии,"2017г.,2л.,автоматседан,бензинрульслева,105000км",https://im.mashina.kg/tachka/images//e/a/4/ea48dde9d1b5a31cc860ad037a66ab68_240x180.jpg,$ 24 000
108,BMW X5,"2015г.,3л.,автоматвнедорожник5дв.,бензинрульслева,193000км",https://im.mashina.kg/tachka/images//9/2/c/92cbc88add7e94688815f56d4609a8d3_240x180.jpg,$ 35 000
109,BMW X7,"2020г.,4.4л.,автоматвнедорожник5дв.,бензинрульслева,122000км",https://im.mashina.kg/tachka/images//4/c/4/4c42f4410dbf3999c62fff6d4d1e2dca_240x180.jpg,$ 100 000
110,Toyota Camry,"2012г.,2.5л.,автоматседан,бензинрульслева,200000км",https://im.mashina.kg/tachka/images//f/2/e/f2e6643e10cf80a380f7654699ad50d1_240x180.jpg,$ 16 700
111,Toyota Camry,"2018г.,2.5л.,вариаторседан,гибридрульслева,74000км",https://im.mashina.kg/tachka/images//4/e/a/4eaa17378080490480164b992ae7e22e_240x180.jpg,$ 23 600
112,Toyota Land Cruiser Prado,"2006г.,4л.,автоматвнедорожник5дв.,бензинрульслева,141300км",https://im.mashina.kg/tachka/images//6/5/b/65b7f3430cb2c59d5fe9e0772a0b4dd6_240x180.jpg,$ 18 500
113,Kia Optima,"2019г.,2.4л.,автоматседан,бензинрульслева,130000км",https://im.mashina.kg/tachka/images//1/2/6/1261d29d85aeb29c884c34706ca7692b_240x180.jpg,$ 14 900
114,BYD Song Plus,"2023г.,автоматвнедорожник5дв.,электрорульслева,40км",https://im.mashina.kg/tachka/images//d/2/f/d2fac9caf1c262b0347b8abc996ba753_240x180.jpg,$ 30 800
115,Lexus GX,"2021г.,4.6л.,автоматвнедорожник5дв.,бензинрульслева,61500км",https://im.mashina.kg/tachka/images//a/a/d/aada503be4141f8849b0e82d779baa8b_240x180.jpg,$ 62 000
116,Toyota Camry,"2017г.,2.5л.,вариаторседан,гибридрульслева,110000км",https://im.mashina.kg/tachka/images//d/b/5/db566674b2dd3d18db89bcf01ce79889_240x180.jpg,$ 20 000
117,Toyota Camry,"2012г.,2.5л.,вариаторседан,гибридрульслева,117000км",https://im.mashina.kg/tachka/images//f/b/3/fb332cac4410bfaa5e296ea8bcc61fe5_240x180.jpg,$ 14 800
118,Kia Rio,"2020г.,1.6л.,автоматседан,бензинрульслева,44700км",https://im.mashina.kg/tachka/images//1/0/b/10b876e8f828471647abbae8a254b8ed_240x180.jpg,$ 13 850
119,Kia K5 II Седан,"2017г.,2л.,автоматседан,газрульслева,170000км",https://im.mashina.kg/tachka/images//6/5/c/65c41d6305d3704565d51b66ee75670c_240x180.jpg,$ 13 600
120,Toyota Camry,"2015г.,2.5л.,автоматседан,бензинрульслева,146000км",https://im.mashina.kg/tachka/images//4/2/3/42393fa3010e411b898051066f67420b_240x180.jpg,$ 20 800
121,Honda Stepwgn,"2005г.,2л.,автоматминивэн,бензинрульсправа,199000км",https://im.mashina.kg/tachka/images//5/5/f/55f638eb63e475d6cb382b836d44e6fd_240x180.jpg,$ 13 300
122,BYD Yuan,"2019г.,автоматвнедорожник5дв.,электрорульслева,67000км",https://im.mashina.kg/tachka/images//8/5/6/85651798bb91de067bb269645654ff46_240x180.jpg,$ 8 500
123,Subaru Forester,"2009г.,2л.,автоматвнедорожник5дв.,бензинрульслева,68000км",https://im.mashina.kg/tachka/images//6/6/5/6653189b51c7b4b0c15212bdfc977906_240x180.jpg,$ 11 300
124,BMW 5 серии,"2019г.,4.4л.,автоматседан,бензинрульслева,44000км",https://im.mashina.kg/tachka/images//c/6/a/c6adacb502c77484a7f5ffed317bcc99_240x180.jpg,$ 50 000
125,Tank 400,"2023г.,2л.,автоматвнедорожник5дв.,гибридрульслева,1км",https://im.mashina.kg/tachka/images//8/d/6/8d645909a7934082b40c1d52749bf0b4_240x180.jpg,$ 45 000
126,Zeekr 001,"2023г.,автоматлифтбек,электрорульслева,50км",https://im.mashina.kg/tachka/images//4/b/2/4b25fde0a30e0143d0d07ccd9e0a249b_240x180.jpg,$ 56 600
127,BMW X5,"2006г.,3л.,автоматвнедорожник5дв.,дизельрульслева,300000км",https://im.mashina.kg/tachka/images//f/4/3/f43442193d550fe70e5fa9e0388a8ebe_240x180.jpg,$ 13 500
128,Toyota Camry,"2018г.,2.5л.,автоматседан,бензинрульслева,62500км",https://im.mashina.kg/tachka/images//0/2/c/02cd387f14e857cf9bac2fa765b25516_240x180.jpg,$ 18 900
129,BMW X7,"2022г.,3л.,автоматвнедорожник5дв.,бензинрульслева,23000км",https://im.mashina.kg/tachka/images//9/1/8/918851bd3f2c050bf06b673a60911d70_240x180.jpg,$ 105 000
130,Toyota Camry,"2018г.,2.5л.,вариаторседан,гибридрульслева,90000км",https://im.mashina.kg/tachka/images//5/3/9/539febc1802249e71016d691b8820352_240x180.jpg,$ 27 800
131,BMW 5 серии,"2018г.,2л.,автоматседан,бензинрульслева,119000км",https://im.mashina.kg/tachka/images//4/7/0/47076c0b3a7d7241654378ba9b5c95b8_240x180.jpg,$ 30 000
132,Hyundai Tucson,"2017г.,2л.,автоматвнедорожник5дв.,бензинрульслева,120700км",https://im.mashina.kg/tachka/images//a/2/3/a23eda9142e95ec7eec9d5cb488fbbca_240x180.jpg,$ 14 999
133,Toyota Camry,"2018г.,2.5л.,автоматседан,бензинрульслева,80467км",https://im.mashina.kg/tachka/images//c/1/2/c12a1fcec6c1d1ad2a5b3343f8efb97c_240x180.jpg,$ 24 500
134,Hyundai Santa Fe,"2018г.,2л.,автоматвнедорожник5дв.,дизельрульслева,162000км",https://im.mashina.kg/tachka/images//5/1/0/510adddaabdfd00908a41edd22f6a005_240x180.jpg,$ 22 500
135,Renault Samsung QM6,"2024г.,2л.,вариаторвнедорожник5дв.,бензинрульслева,10км",https://im.mashina.kg/tachka/images//6/f/c/6fc1fb06de910bebab4f083ae3591b82_240x180.jpg,$ 16 200
136,Renault Arkana,"2024г.,1.6л.,вариаторвнедорожник5дв.,бензинрульслева,10км",https://im.mashina.kg/tachka/images//e/e/0/ee063b45d6ffde5d3d492e46b8ba47f8_240x180.jpg,$ 13 200
137,Renault Samsung SM6,"2024г.,1.3л.,роботседан,бензинрульслева,10км",https://im.mashina.kg/tachka/images//0/8/2/082568deaa2d68fce82f74efc5099776_240x180.jpg,$ 18 400
138,BMW X5,"2016г.,3л.,автоматвнедорожник5дв.,дизельрульслева,100000км",https://im.mashina.kg/tachka/images//5/a/9/5a991b303d519d29797426757a0c1388_240x180.jpg,$ 50 000
139,BMW X5,"2018г.,3л.,автоматвнедорожник5дв.,дизельрульслева,167000км",https://im.mashina.kg/tachka/images//c/4/4/c4430da1aee6abe87ef31d1cc64c3268_240x180.jpg,$ 55 000
140,Jetour Traveller,"2023г.,2л.,автоматвнедорожник5дв.,бензинрульслева,50км",https://im.mashina.kg/tachka/images//8/5/3/853c561ba16713b58dce843f8cde241a_240x180.jpg,$ 33 500
141,Jetour Traveller,"2023г.,2л.,роботвнедорожник5дв.,бензинрульслева,70км",https://im.mashina.kg/tachka/images//f/b/3/fb351be87f0ca29fed71ddb797c14ba9_240x180.jpg,$ 32 500
142,Mercedes-Benz GLK-Класс,"2008г.,3.5л.,автоматвнедорожник5дв.,бензинрульслева,230000км",https://im.mashina.kg/tachka/images//5/9/4/59492b24b9f3ae1b4408cb77920c4acb_240x180.jpg,$ 8 999
143,Lynk & Co 8,"2023г.,1.5л.,роботвнедорожник5дв.,гибридрульслева,20км",https://im.mashina.kg/tachka/images//5/b/c/5bc80049e1705f7eb0683adbd2cf3de7_240x180.jpg,$ 41 500
144,Tank 400,"2023г.,2л.,автоматвнедорожник5дв.,гибридрульслева,20км",https://im.mashina.kg/tachka/images//2/4/2/2423a9f602775a951a40af3e2250f200_240x180.jpg,$ 44 000
145,Mercedes-Benz C-Класс,"2002г.,2л.,автоматседан,бензинрульслева,250000км",https://im.mashina.kg/tachka/images//8/a/b/8abd8c185a09fe5f674546624035336b_240x180.jpg,$ 5 800
146,Toyota RAV4,"2017г.,2.5л.,автоматвнедорожник5дв.,бензинрульслева,80000км",https://im.mashina.kg/tachka/images//e/0/7/e078a0b7eb61c3544b72937979fe3064_240x180.jpg,$ 18 500
147,Kia Sorento,"2017г.,2л.,автоматвнедорожник5дв.,дизельрульслева,200000км",https://im.mashina.kg/tachka/images//b/2/8/b285bfd953f264f50176bf0a5d0038d2_240x180.jpg,$ 18 500
148,Lexus ES,"2005г.,3.3л.,автоматседан,бензинрульслева,280000км",https://im.mashina.kg/tachka/images//b/1/d/b1d83ee46423a1261906065c1869d6ef_240x180.jpg,$ 12 700
149,Toyota Camry,"2016г.,2.5л.,автоматседан,бензинрульслева,116000км",https://im.mashina.kg/tachka/images//b/6/2/b6235c8f2f58405bfd84f215e8435217_240x180.jpg,$ 24 900
150,Hyundai Santa Fe,"2018г.,2л.,автоматвнедорожник5дв.,дизельрульслева,135000км",https://im.mashina.kg/tachka/images//f/8/2/f827d429f15e45ca1ed50c6a1f9405ac_240x180.jpg,$ 22 500
151,Subaru Forester,"2016г.,2.5л.,вариаторвнедорожник5дв.,бензинрульслева,222089км",https://im.mashina.kg/tachka/images//f/3/0/f303d6bfe5afd0cbdd7c5a22b900a106_240x180.jpg,$ 14 000
152,Subaru Forester,"2018г.,2.5л.,вариаторвнедорожник5дв.,бензинрульслева,56327км",https://im.mashina.kg/tachka/images//d/c/3/dc383b9918c4b8e4280e5c2c70855354_240x180.jpg,$ 15 800
153,Volkswagen Jetta,"2005г.,2.5л.,автоматседан,бензинрульслева,179000км",https://im.mashina.kg/tachka/images//1/c/e/1ce02a7777daf25ea55c40a2d0db51ea_240x180.jpg,$ 6 900
154,Kia Sportage,"2019г.,2л.,автоматвнедорожник5дв.,дизельрульслева,67000км",https://im.mashina.kg/tachka/images//8/0/3/803b8ee882dc60b1a5438b9fec0ecde6_240x180.jpg,$ 20 500
155,Hyundai Palisade,"2021г.,2.2л.,автоматвнедорожник5дв.,дизельрульслева,9000км",https://im.mashina.kg/tachka/images//9/0/4/9040781bb1225b5907e1352fe003aaec_240x180.jpg,$ 42 500
156,Rox Stone 01,"2023г.,1.5л.,автоматвнедорожник5дв.,гибридрульслева,5км",https://im.mashina.kg/tachka/images//0/c/e/0ce01fed9e5185ba93c74564d785fd65_240x180.jpg,$ 54 800
157,Kia Carnival,"2018г.,2.2л.,автоматминивэн,дизельрульслева,111715км",https://im.mashina.kg/tachka/images//a/1/3/a138ead10b1521ae73abf2d499f3953d_240x180.jpg,$ 25 000
158,Subaru Outback,"2018г.,2.5л.,вариаторуниверсал,бензинрульслева,100000км",https://im.mashina.kg/tachka/images//2/2/a/22a765f8ba07ed809cd35f225d575894_240x180.jpg,$ 16 800
159,Kia Carnival,"2018г.,2.2л.,автоматминивэн,дизельрульслева,224000км",https://im.mashina.kg/tachka/images//4/4/5/44507475b0d30d0c8f4e13474058ebee_240x180.jpg,$ 21 000
160,Lexus NX,"2019г.,2л.,автоматвнедорожник5дв.,бензинрульслева,53000км",https://im.mashina.kg/tachka/images//2/b/4/2b49ba3b832851170a3eb6e8e919d517_240x180.jpg,$ 31 000
161,Toyota Highlander,"2023г.,2л.,автоматвнедорожник5дв.,бензинрульслева,1км",https://im.mashina.kg/tachka/images//a/6/d/a6d20c80e658db6c8faab6a99ec74814_240x180.jpg,$ 58 500
162,Voyah Free,"2023г.,1.5л.,автоматвнедорожник5дв.,гибридрульслева,10км",https://im.mashina.kg/tachka/images//4/0/9/409c8012ab5bd14cc2e64f821c744d20_240x180.jpg,$ 39 800
163,Mercedes-Benz E-Класс,"2016г.,2л.,автоматседан,бензинрульслева,90000км",https://im.mashina.kg/tachka/images//9/a/c/9acea3e081345096b761e9e8bd2a9e6d_240x180.jpg,$ 32 000
164,Zeekr 007,"2024г.,автоматседан,электрорульслева,40км",https://im.mashina.kg/tachka/images//b/3/1/b319658d82e295acced514b46f7b72ae_240x180.jpg,$ 52 800
165,Subaru Forester,"2017г.,2.5л.,вариаторвнедорожник5дв.,бензинрульслева,104000км",https://im.mashina.kg/tachka/images//b/b/6/bb6a9e30f0a292fd5710cc57194f836d_240x180.jpg,$ 17 600
166,Mercedes-Benz GLE,"2024г.,3л.,автоматвнедорожник5дв.,бензинрульслева,15км",https://im.mashina.kg/tachka/images//7/a/c/7ac162d173082bbe8ef1a321207b7eee_240x180.jpg,$ 125 000
167,Toyota Ist,"2002г.,1.3л.,автоматхэтчбек5дв.,бензинрульсправа,311000км",https://im.mashina.kg/tachka/images//2/e/9/2e971fe2ed2b07da3a0bd07be4622549_240x180.jpg,$ 6 800
168,LiXiang L9,"2024г.,1.5л.,автоматвнедорожник5дв.,гибридрульслева,10км",https://im.mashina.kg/tachka/images//5/f/3/5f30ab237ac2a570ccdcbee0974ef25a_240x180.jpg,$ 66 500
169,Toyota Camry,"2010г.,2.5л.,автоматседан,бензинрульслева,120000км",https://im.mashina.kg/tachka/images//9/1/2/91292473cd3acc6a08cb4f2831aabcb9_240x180.jpg,$ 14 900
170,LiXiang L9,"2023г.,1.5л.,автоматвнедорожник5дв.,гибридрульслева,10км",https://im.mashina.kg/tachka/images//1/7/3/173a9784d6b69ee50aa8da2de6ca21d2_240x180.jpg,$ 65 500
171,Tank 400,"2023г.,2л.,автоматвнедорожник5дв.,гибридрульслева,10км",https://im.mashina.kg/tachka/images//d/d/1/dd19517d38e4e96cb6c426bed1c8a784_240x180.jpg,$ 46 500
172,BYD e2,"2023г.,автоматхэтчбек5дв.,электрорульслева,10км",https://im.mashina.kg/tachka/images//7/6/3/763beb48d436290dd26089ded89172a8_240x180.jpg,$ 18 500
173,Toyota Highlander,"2017г.,3.5л.,автоматвнедорожник5дв.,бензинрульслева,120000км",https://im.mashina.kg/tachka/images//1/b/7/1b770d0582108bb7af6948a7450521bd_240x180.jpg,$ 29 500
174,Lexus GX,"2018г.,4.6л.,автоматвнедорожник5дв.,бензинрульслева,70811км",https://im.mashina.kg/tachka/images//0/2/5/025b0bbc266243b86522c956c551b9c3_240x180.jpg,$ 44 500
175,Hyundai Elantra,"2023г.,1.5л.,вариаторседан,бензинрульслева,10км",https://im.mashina.kg/tachka/images//6/4/c/64c2a150da11cc9c13d2d254d9eaea3e_240x180.jpg,$ 18 500
176,Hyundai Mufasa,"2023г.,2л.,автоматвнедорожник5дв.,бензинрульслева,10км",https://im.mashina.kg/tachka/images//d/a/5/da5cb4d2e293827800ab94264ec4f934_240x180.jpg,$ 24 000
177,Toyota FJ Cruiser,"2014г.,4л.,автоматвнедорожник5дв.,бензинрульслева,117000км",https://im.mashina.kg/tachka/images//5/5/1/5518620441cd4c93857fde7a3b1d8584_240x180.jpg,$ 39 500
178,BMW 5 серии,"2017г.,2л.,автоматседан,дизельрульслева,141000км",https://im.mashina.kg/tachka/images//6/a/c/6ac31cbd36b00960cb3cbf5a8bcbfff2_240x180.jpg,$ 30 500
179,Geely Monjaro,"2023г.,2л.,автоматвнедорожник5дв.,бензинрульслева,10км",https://im.mashina.kg/tachka/images//b/9/9/b99f5b5a626103e422e3685b34e69149_240x180.jpg,$ 34 500
180,EXEED RX,"2023г.,2л.,роботвнедорожник5дв.,бензинрульслева,5км",https://im.mashina.kg/tachka/images//c/4/5/c450a65564c1c9440e9d0649db8deaeb_240x180.jpg,$ 30 000
181,BMW X5,"2017г.,3л.,автоматвнедорожник5дв.,дизельрульслева,128000км",https://im.mashina.kg/tachka/images//8/4/6/846c852f78c0de132fd14b2d6d9c2b15_240x180.jpg,$ 49 000
182,BMW M5,"2012г.,4.4л.,роботседан,бензинрульслева,130000км",https://im.mashina.kg/tachka/images//d/4/f/d4fcd23d762483e96f5a24fb334b0d3b_240x180.jpg,$ 40 000
183,Lexus GX,"2021г.,4.6л.,автоматвнедорожник5дв.,бензинрульслева,10921км",https://im.mashina.kg/tachka/images//b/b/0/bb0aab318b7602b4adf6057ec255ac55_240x180.jpg,$ 97 000
184,Subaru Outback,"2018г.,2.5л.,вариаторуниверсал,бензинрульслева,183465км",https://im.mashina.kg/tachka/images//4/3/8/438109d733ecd283f64e5cfe9778cc8e_240x180.jpg,$ 15 999
185,BMW X5,"2004г.,3л.,автоматвнедорожник5дв.,дизельрульслева,400000км",https://im.mashina.kg/tachka/images//6/b/1/6b1f9470f49527c50d33bae8d03c1a94_240x180.jpg,$ 12 200
186,Volvo XC70,"2010г.,2.4л.,автоматуниверсал,дизельрульслева,250000км",https://im.mashina.kg/tachka/images//9/0/5/9053a3873f651e70651edaaee0ce152c_240x180.jpg,$ 15 500
187,Mercedes-Benz E-Класс,"2006г.,3.5л.,автоматседан,бензинрульслева,204000км",https://im.mashina.kg/tachka/images//f/2/9/f2923765bfc19582956f87293c4ee625_240x180.jpg,$ 12 600
188,Toyota Land Cruiser Prado,"2013г.,3л.,автоматвнедорожник5дв.,дизельрульслева,225522км",https://im.mashina.kg/tachka/images//a/8/3/a838d7e10387d789ed8717e4d17a3792_240x180.jpg,$ 34 000
189,Lexus ES,"2016г.,2.5л.,вариаторседан,гибридрульслева,58000км",https://im.mashina.kg/tachka/images//2/4/9/249a75e3905b3d8dd32ea1835b3b6abe_240x180.jpg,$ 25 000
190,BMW X5,"2019г.,3л.,автоматвнедорожник5дв.,бензинрульслева,57000км",https://im.mashina.kg/tachka/images//1/a/7/1a7bf5d5564e717a12eb5add64fd69de_240x180.jpg,$ 76 000
191,Land Rover Range Rover,"2023г.,4.4л.,автоматвнедорожник5дв.,бензинрульслева,15км",https://im.mashina.kg/tachka/images//9/4/6/946a6b09d47a533f11f9b86f6e59482e_240x180.jpg,$ 262 500
192,Ford F-150,"2017г.,2.7л.,автоматпикапдвойнаякабина,бензинрульслева,199000км",https://im.mashina.kg/tachka/images//e/0/f/e0f13eb9bf46364673a9eff45c288656_240x180.jpg,$ 36 000
193,Toyota Camry (Japan),"2004г.,2.4л.,автоматседан,бензинрульсправа,234000км",https://im.mashina.kg/tachka/images//e/1/4/e14a84fff3bd039e2477ca29361af49c_240x180.jpg,$ 12 800
194,LiXiang L9,"2024г.,1.5л.,автоматвнедорожник5дв.,гибридрульслева,10км",https://im.mashina.kg/tachka/images//d/8/1/d810ff44a31e667a7535f17670ca1900_240x180.jpg,$ 66 800
195,Hyundai Santa Fe,"2019г.,2л.,автоматвнедорожник5дв.,бензинрульслева,87000км",https://im.mashina.kg/tachka/images//9/7/9/9794492a145f6e93141bae63a7cb3c60_240x180.jpg,$ 23 000
196,Mercedes-Benz GL-Класс,"2007г.,4.7л.,автоматвнедорожник5дв.,бензинрульслева,214000км",https://im.mashina.kg/tachka/images//8/d/6/8d66d9cd097bde61b989e6ff5521490e_240x180.jpg,$ 12 500
197,Honda CR-V,"2019г.,1.5л.,вариаторвнедорожник5дв.,бензинрульслева,43452км",https://im.mashina.kg/tachka/images//4/e/3/4e32bc56a657e751465776f4ffd01d8d_240x180.jpg,$ 25 800
198,Hyundai Avante,"2021г.,1.6л.,вариаторседан,бензинрульслева,46900км",https://im.mashina.kg/tachka/images//e/b/9/eb9108759fecff1a39fde6498438e313_240x180.jpg,$ 18 500
199,Hyundai Palisade,"2021г.,2.2л.,автоматвнедорожник5дв.,дизельрульслева,33000км",https://im.mashina.kg/tachka/images//0/f/a/0fae08137d16ead570f4c3ea218b999b_240x180.jpg,$ 43 000
200,Lexus RX,"2009г.,3.5л.,автоматвнедорожник5дв.,бензинрульслева,163000км",https://im.mashina.kg/tachka/images//7/3/c/73c3c58ce1894a9b7556b14bebd14866_240x180.jpg,$ 19 000
201,Kia K5 III Седан,"2020г.,2л.,автоматседан,бензинрульслева,82000км",https://im.mashina.kg/tachka/images//3/2/2/3229b8824e484731012b92ecb1f80379_240x180.jpg,$ 27 800
202,Toyota Crown,"2007г.,3л.,автоматседан,бензинрульсправа,190000км",https://im.mashina.kg/tachka/images//9/8/6/9869f63f26f7462b925f5c88086fb0fa_240x180.jpg,$ 9 000
203,BMW 7 серии,"1999г.,4.4л.,автоматседан,бензинрульслева,295000км",https://im.mashina.kg/tachka/images//3/5/4/354b4c0fddddaf0a550ae0e1b1ba377a_240x180.jpg,$ 12 500
204,BMW X7,"2019г.,3л.,автоматвнедорожник5дв.,бензинрульслева,60000км",https://im.mashina.kg/tachka/images//3/8/4/384691935e4688f573de8f3c043cb403_240x180.jpg,$ 61 000
205,Land Rover Range Rover Velar,"2019г.,2л.,автоматвнедорожник5дв.,бензинрульслева,74000км",https://im.mashina.kg/tachka/images//7/2/f/72ffba99de7a85ca6bf4babe48159a42_240x180.jpg,$ 46 000
206,Geely Coolray,"2023г.,1.5л.,роботвнедорожник5дв.,бензинрульслева,20км",https://im.mashina.kg/tachka/images//b/b/0/bb0f00239cf5baa33a7d96c36aabf6c6_240x180.jpg,$ 17 800
207,Toyota Camry,"2016г.,2.5л.,автоматседан,бензинрульслева,60300км",https://im.mashina.kg/tachka/images//0/e/e/0eece0e659c5a1150b8a0d2421323aac_240x180.jpg,$ 17 500
208,Hyundai Tucson,"2022г.,1.6л.,роботвнедорожник5дв.,бензинрульслева,1000км",https://im.mashina.kg/tachka/images//f/e/a/fea1e76b4b50ce4bb6bddc33d64344cf_240x180.jpg,$ 27 500
209,Toyota Highlander,"2020г.,2.5л.,автоматвнедорожник5дв.,гибридрульслева,49000км",https://im.mashina.kg/tachka/images//b/5/0/b50602a565af201383dab5a2374c58ed_240x180.jpg,$ 49 000
210,Honda Crider,"2023г.,1л.,вариаторседан,бензинрульслева,5км",https://im.mashina.kg/tachka/images//d/c/a/dca23d083cb5e1d59dc3504778c0b024_240x180.jpg,$ 17 000
211,Land Rover Range Rover Sport,"2012г.,5л.,автоматвнедорожник5дв.,бензинрульслева,171000км",https://im.mashina.kg/tachka/images//8/3/1/831af7f6ecc28312a9fca98c226a1438_240x180.jpg,$ 24 000
212,Hyundai Grand Starex,"2018г.,2.5л.,автоматминивэн,дизельрульслева,52000км",https://im.mashina.kg/tachka/images//6/3/5/63552a88d80b57015f091c2473ea437b_240x180.jpg,$ 37 000
213,Lexus ES,"2018г.,2.5л.,вариаторседан,гибридрульслева,75000км",https://im.mashina.kg/tachka/images//b/a/0/ba0d6cfcfb235a9558d2bcd043f5ad34_240x180.jpg,$ 38 500
214,Voyah Free,"2023г.,1.5л.,автоматвнедорожник5дв.,гибридрульслева,10км",https://im.mashina.kg/tachka/images//6/b/5/6b529a2396e4fe8873625bf392d47962_240x180.jpg,$ 39 100
215,Jaguar XF,"2017г.,2л.,автоматседан,дизельрульслева,60000км",https://im.mashina.kg/tachka/images//c/9/c/c9c6b48490f0630d36a6068998ced9b4_240x180.jpg,$ 28 000
216,Toyota Camry,"2018г.,2.5л.,автоматседан,бензинрульслева,37000км",https://im.mashina.kg/tachka/images//a/0/f/a0f4e01a25ce6e0259af77b147c8f8ce_240x180.jpg,$ 26 500
217,Toyota Camry,"2013г.,2.5л.,автоматседан,бензинрульслева,132000км",https://im.mashina.kg/tachka/images//c/2/f/c2fe11f9536e7e3ccf8c10b762be4e2e_240x180.jpg,$ 14 700
218,BMW 5 серии,"2020г.,2л.,автоматседан,бензинрульслева,42000км",https://im.mashina.kg/tachka/images//4/e/2/4e2b6027bec7e3201435c487d97bdb04_240x180.jpg,$ 46 500
219,Subaru Legacy Lancaster,"2000г.,2.5л.,автоматуниверсал,бензинрульсправа,282763км",https://im.mashina.kg/tachka/images//c/a/f/cafd299e4ccaea7bae9096f18b6bbde1_240x180.jpg,$ 4 800
220,Mercedes-Benz S-Класс,"2015г.,4.7л.,автоматседан,бензинрульслева,134000км",https://im.mashina.kg/tachka/images//4/6/b/46b75caa851658754b3d49bc0525bd94_240x180.jpg,$ 41 500
221,Mercedes-Benz S-Класс,"2014г.,4.7л.,автоматседан,бензинрульслева,61000км",https://im.mashina.kg/tachka/images//5/4/c/54cd868e8fd00b50a808b867aaddb688_240x180.jpg,$ 34 000
222,Mercedes-Benz S-Класс,"2015г.,4.7л.,автоматседан,бензинрульслева,200000км",https://im.mashina.kg/tachka/images//7/b/3/7b3d771dc3e2da1e9a66c7810329a663_240x180.jpg,$ 40 500
223,Volkswagen Transporter,"1991г.,1.9л.,механикаминивэн,дизельрульслева,200000км",https://im.mashina.kg/tachka/images//5/0/9/509b868e83b77de6babc456b2dfcc440_240x180.jpg,$ 9 000
224,Lexus RX,"2014г.,3.5л.,вариаторвнедорожник5дв.,гибридрульслева,167000км",https://im.mashina.kg/tachka/images//9/9/4/994c83da952d133703ef76df65379a6a_240x180.jpg,$ 28 300
225,Hyundai Grandeur,"2018г.,3л.,автоматседан,газрульслева,191000км",https://im.mashina.kg/tachka/images//5/7/6/5763e0911f5c2d2dc29b803780d147f2_240x180.jpg,$ 18 300
226,Subaru Outback,"2020г.,2.5л.,вариаторуниверсал,бензинрульслева,29000км",https://im.mashina.kg/tachka/images//6/f/9/6f945b34ce36975f42b6cf9664836265_240x180.jpg,$ 27 000
227,BMW 3 серии,"2017г.,2л.,автоматседан,дизельрульслева,96000км",https://im.mashina.kg/tachka/images//3/9/2/39296e692d395c96a48bbce22dff6e74_240x180.jpg,$ 20 500
228,Lexus UX,"2019г.,2л.,вариаторвнедорожник5дв.,бензинрульслева,24123км",https://im.mashina.kg/tachka/images//f/e/5/fe5180864eb632a55c7bcb03a66f8f70_240x180.jpg,$ 32 000
229,Lexus RX,"2023г.,2.4л.,автоматвнедорожник5дв.,бензинрульслева,90км",https://im.mashina.kg/tachka/images//b/f/9/bf99c4f27531699d0a36b940f7d799d9_240x180.jpg,$ 76 900
230,BYD FangChengBao Leopard 5,"2023г.,1.5л.,вариаторвнедорожник5дв.,гибридрульслева,45км",https://im.mashina.kg/tachka/images//5/c/3/5c30589c8b4a07025f66ea640752c2f2_240x180.jpg,$ 54 300
231,Chevrolet Cruze,"2010г.,1.8л.,автоматседан,бензинрульслева,117000км",https://im.mashina.kg/tachka/images//0/e/c/0ec30b8fdd318f86ea6acdea0782c79f_240x180.jpg,$ 7 000
232,BMW X5,"2018г.,3л.,автоматвнедорожник5дв.,бензинрульслева,58000км",https://im.mashina.kg/tachka/images//c/0/3/c03740d2a13a8976afac31061c7eeb83_240x180.jpg,$ 34 500
233,Cadillac Escalade,"2019г.,6.2л.,автоматвнедорожник5дв.,бензинрульслева,34000км",https://im.mashina.kg/tachka/images//b/c/9/bc9e96509f7ee30613a76e1a42481c05_240x180.jpg,$ 100 000
234,Honda Fit,"2014г.,1.5л.,роботхэтчбек5дв.,гибридрульслева,105000км",https://im.mashina.kg/tachka/images//2/6/5/265808bd38d982193aeff6768e25a7bf_240x180.jpg,$ 10 800
235,EXEED RX,"2023г.,2л.,роботвнедорожник5дв.,бензинрульслева,1км",https://im.mashina.kg/tachka/images//2/e/7/2e7af128f50bb179fd6a9850e706e18e_240x180.jpg,$ 30 800
236,Kia K5 III Седан,"2019г.,1.6л.,автоматседан,бензинрульслева,83000км",https://im.mashina.kg/tachka/images//8/3/0/8306ec72fdaf5c7187be6b6d78a6291d_240x180.jpg,$ 26 500
237,Toyota Camry,"2017г.,2.5л.,вариаторседан,гибридрульслева,83000км",https://im.mashina.kg/tachka/images//0/0/a/00ab80fdddf90c8c7b7bb6d6686afc78_240x180.jpg,$ 23 900
238,Hyundai Starex (H-1),"2017г.,2.5л.,автоматминивэн,дизельрульслева,70000км",https://im.mashina.kg/tachka/images//2/e/e/2eeaa73f9988b2a30091af86216eb1f8_240x180.jpg,$ 25 000
239,Toyota Highlander,"2018г.,3.5л.,автоматвнедорожник5дв.,бензинрульслева,171000км",https://im.mashina.kg/tachka/images//f/0/6/f06eb43f78927e3469fe75cad2864d58_240x180.jpg,$ 27 500
240,BMW X5,"2017г.,3л.,автоматвнедорожник5дв.,дизельрульслева,140000км",https://im.mashina.kg/tachka/images//8/1/f/81f173aa6139c38550190f0dacac1f50_240x180.jpg,$ 43 000
241,Hyundai Sonata,"2019г.,2л.,автоматседан,бензинрульслева,130000км",https://im.mashina.kg/tachka/images//9/1/5/915c9123f278d66df174151a8e4cb4ee_240x180.jpg,$ 21 000
242,Kia K7,"2017г.,2.4л.,автоматседан,бензинрульслева,121000км",https://im.mashina.kg/tachka/images//2/3/8/2389e384363c7905cc0f684ea3413e39_240x180.jpg,$ 17 800
243,BMW X5,"2017г.,4.4л.,автоматвнедорожник5дв.,бензинрульслева,144500км",https://im.mashina.kg/tachka/images//0/e/5/0e587be1341350a53a8c67d4e0e4c5fb_240x180.jpg,$ 42 000
244,Kia Carnival,"2018г.,2.2л.,автоматминивэн,дизельрульслева,152000км",https://im.mashina.kg/tachka/images//2/f/7/2f727467a91e55c75c7ba92b2eafd380_240x180.jpg,$ 18 000
245,BMW X5,"2019г.,3л.,автоматвнедорожник5дв.,дизельрульслева,177000км",https://im.mashina.kg/tachka/images//4/e/b/4eb9f952d863d4e24b01bd99f9f55f8a_240x180.jpg,$ 63 500
246,Hyundai Sonata,"2017г.,2л.,автоматседан,бензинрульслева,123700км",https://im.mashina.kg/tachka/images//9/1/3/91352a48ff73d7fd873482919aba6209_240x180.jpg,$ 15 300
247,Skoda Kodiaq,"2023г.,2л.,роботвнедорожник5дв.,бензинрульслева,10км",https://im.mashina.kg/tachka/images//1/e/1/1e18ddb791d1241c42fd27e25b066a8b_240x180.jpg,$ 38 500
248,Kia K7,"2019г.,3л.,автоматседан,газрульслева,152123км",https://im.mashina.kg/tachka/images//1/4/2/1428d74480c64b31624d1ba31bf93b77_240x180.jpg,$ 20 000
249,Mercedes-Benz E-Класс AMG,"2010г.,6.2л.,автоматседан,бензинрульслева,60000км",https://im.mashina.kg/tachka/images//a/6/4/a648144a8e07b1c233f811f77e02c65c_240x180.jpg,$ 37 000
250,Geely Monjaro,"2023г.,2л.,автоматвнедорожник5дв.,бензинрульслева,60км",https://im.mashina.kg/tachka/images//0/3/4/034d0ec7b7f814bcf27d892a026222e1_240x180.jpg,$ 31 000
251,Geely Monjaro,"2023г.,2л.,автоматвнедорожник5дв.,бензинрульслева,60км",https://im.mashina.kg/tachka/images//7/a/5/7a5283911b4b8e7d79e249d32048ed52_240x180.jpg,$ 31 000
252,Toyota Avalon,"2019г.,2.5л.,вариаторседан,гибридрульслева,24000км",https://im.mashina.kg/tachka/images//d/9/d/d9dbbf71986d82927390db0caa2f9bef_240x180.jpg,$ 31 000
253,Lexus LX,"2012г.,5.7л.,автоматвнедорожник5дв.,бензинрульслева,153000км",https://im.mashina.kg/tachka/images//d/7/7/d77f6209d65aeb4a235fa05b5adcf0e7_240x180.jpg,$ 51 500
254,BMW X5,"2019г.,3л.,автоматвнедорожник5дв.,бензинрульслева,160934км",https://im.mashina.kg/tachka/images//a/0/c/a0c4a4369cfe3850103fa063e2c1c425_240x180.jpg,$ 60 000
255,Zeekr 007,"2024г.,автоматседан,электрорульслева,30км",https://im.mashina.kg/tachka/images//f/1/4/f14fe57d5eecdbbcbebd21d433880b72_240x180.jpg,$ 53 000
256,Hyundai Avante,"2017г.,1.6л.,автоматседан,бензинрульслева,155000км",https://im.mashina.kg/tachka/images//2/9/4/294d46d02fa3653b40b510baa3ee3dd4_240x180.jpg,$ 12 750
257,Mercedes-Benz GLE Coupe,"2021г.,2.9л.,автоматвнедорожник5дв.,дизельрульслева,56000км",https://im.mashina.kg/tachka/images//c/b/e/cbe1071934a39b92a06fde735b37b5f0_240x180.jpg,$ 95 000
258,BMW 5 серии,"2018г.,3л.,автоматседан,бензинрульслева,88000км",https://im.mashina.kg/tachka/images//f/7/f/f7f14f9ec92b07dee124d12226fa189a_240x180.jpg,$ 41 500
259,Toyota Crown,"2009г.,3.5л.,автоматседан,бензинрульсправа,164000км",https://im.mashina.kg/tachka/images//0/a/0/0a04181b1ef971de9c164199a53c822e_240x180.jpg,$ 11 400
260,Volkswagen ID.4,"2022г.,автоматвнедорожник5дв.,электрорульслева,14000км",https://im.mashina.kg/tachka/images//c/3/f/c3f808e099e42903e3db14c83569c774_240x180.jpg,$ 25 000
